Measure type,Statistical Geography,Year,Aged 16 to 64 years level 3 or above qualifications,Unit of Measure,Upper Confidence Interval,Lower Confidence Interval,Observation Status
Aged 16 to 64 years level 3 or above qualifications,Vale of White Horse,2020,72.1,per cent,83.1,61.1,
Aged 16 to 64 years level 3 or above qualifications,Chelmsford,2020,62.9,per cent,73.8,52.0,
Aged 16 to 64 years level 3 or above qualifications,Gloucester,2020,54.5,per cent,67.0,42.0,
Aged 16 to 64 years level 3 or above qualifications,Rushmoor,2020,59.3,per cent,73.2,45.4,
Aged 16 to 64 years level 3 or above qualifications,Buckinghamshire,2020,64.7,per cent,70.2,59.2,
Aged 16 to 64 years level 3 or above qualifications,Essex,2020,55.8,per cent,59.8,51.8,
Aged 16 to 64 years level 3 or above qualifications,North Yorkshire,2020,58.7,per cent,64.2,53.2,
Aged 16 to 64 years level 3 or above qualifications,Worcestershire,2020,59.0,per cent,64.2,53.8,
Aged 16 to 64 years level 3 or above qualifications,Ceredigion,2020,67.7,per cent,73.8,61.6,
Aged 16 to 64 years level 3 or above qualifications,Blaenau Gwent,2020,47.2,per cent,55.1,39.3,
Aged 16 to 64 years level 3 or above qualifications,Gloucestershire,2020,63.7,per cent,68.7,58.7,
Aged 16 to 64 years level 3 or above qualifications,Nottinghamshire,2020,56.6,per cent,61.6,51.6,
Aged 16 to 64 years level 3 or above qualifications,Pembrokeshire,2020,58.6,per cent,64.5,52.7,
Aged 16 to 64 years level 3 or above qualifications,Ashfield,2020,50.6,per cent,63.7,37.5,
Aged 16 to 64 years level 3 or above qualifications,West Oxfordshire,2020,64.2,per cent,77.6,50.8,
Aged 16 to 64 years level 3 or above qualifications,Colchester,2020,54.2,per cent,64.4,44.0,
Aged 16 to 64 years level 3 or above qualifications,Cannock Chase,2020,47.9,per cent,66.3,29.5,
Aged 16 to 64 years level 3 or above qualifications,Stroud,2020,63.2,per cent,74.4,52.0,
Aged 16 to 64 years level 3 or above qualifications,Test Valley,2020,75.1,per cent,86.1,64.1,
Aged 16 to 64 years level 3 or above qualifications,Cheshire West and Chester,2020,65.6,per cent,73.7,57.5,
Aged 16 to 64 years level 3 or above qualifications,Greater Manchester (Metropolitan County),2020,57.7,per cent,59.7,55.7,
Aged 16 to 64 years level 3 or above qualifications,North Northamptonshire,2020,60.8,per cent,68.9,52.7,
Aged 16 to 64 years level 3 or above qualifications,Bassetlaw,2020,51.2,per cent,67.0,35.4,
Aged 16 to 64 years level 3 or above qualifications,North East (Region),2020,55.1,per cent,56.8,53.4,
Aged 16 to 64 years level 3 or above qualifications,Eastbourne,2020,48.4,per cent,64.4,32.4,
Aged 16 to 64 years level 3 or above qualifications,Epping Forest,2020,68.2,per cent,80.7,55.7,
Aged 16 to 64 years level 3 or above qualifications,East Staffordshire,2020,56.4,per cent,70.1,42.7,
Aged 16 to 64 years level 3 or above qualifications,Tewkesbury,2020,73.5,per cent,85.1,61.9,
Aged 16 to 64 years level 3 or above qualifications,Winchester,2020,69.8,per cent,82.2,57.4,
Aged 16 to 64 years level 3 or above qualifications,Windsor and Maidenhead,2020,73.0,per cent,78.0,68.0,
Aged 16 to 64 years level 3 or above qualifications,Shropshire,2020,59.9,per cent,66.0,53.8,
Aged 16 to 64 years level 3 or above qualifications,Merseyside,2020,57.1,per cent,59.9,54.3,
Aged 16 to 64 years level 3 or above qualifications,West Northamptonshire,2020,56.4,per cent,63.4,49.4,
Aged 16 to 64 years level 3 or above qualifications,Cambridgeshire,2020,66.2,per cent,71.6,60.8,
Aged 16 to 64 years level 3 or above qualifications,Hampshire,2020,65.6,per cent,69.2,62.0,
Aged 16 to 64 years level 3 or above qualifications,Oxfordshire,2020,67.6,per cent,72.8,62.4,
Aged 16 to 64 years level 3 or above qualifications,North East (Combined Authority),2020,52.2,per cent,55.1,49.3,
Aged 16 to 64 years level 3 or above qualifications,Hertfordshire,2020,62.3,per cent,66.3,58.3,
Aged 16 to 64 years level 3 or above qualifications,North of Tyne,2020,58.6,per cent,62.2,55.0,
Aged 16 to 64 years level 3 or above qualifications,Inner London,2020,76.2,per cent,78.4,74.0,
Aged 16 to 64 years level 3 or above qualifications,East Devon,2020,61.1,per cent,72.6,49.6,
Aged 16 to 64 years level 3 or above qualifications,Broxtowe,2020,63.0,per cent,75.3,50.7,
Aged 16 to 64 years level 3 or above qualifications,North West,2020,58.0,per cent,59.3,56.7,
Aged 16 to 64 years level 3 or above qualifications,Hastings,2020,47.1,per cent,62.4,31.8,
Aged 16 to 64 years level 3 or above qualifications,Harlow,2020,43.4,per cent,61.9,24.9,
Aged 16 to 64 years level 3 or above qualifications,Lichfield,2020,62.2,per cent,75.7,48.7,
Aged 16 to 64 years level 3 or above qualifications,Basingstoke and Deane,2020,65.1,per cent,75.4,54.8,
Aged 16 to 64 years level 3 or above qualifications,Broxbourne,2020,39.2,per cent,54.8,23.6,
Aged 16 to 64 years level 3 or above qualifications,Swindon,2020,52.3,per cent,58.3,46.3,
Aged 16 to 64 years level 3 or above qualifications,Wokingham,2020,68.1,per cent,73.5,62.7,
Aged 16 to 64 years level 3 or above qualifications,Cornwall,2020,58.3,per cent,64.1,52.5,
Aged 16 to 64 years level 3 or above qualifications,South Yorkshire (Metropolitan County),2020,58.2,per cent,61.4,55.0,
Aged 16 to 64 years level 3 or above qualifications,Outer London,2020,67.5,per cent,69.4,65.6,
Aged 16 to 64 years level 3 or above qualifications,South Holland,2020,41.0,per cent,55.7,26.3,
Aged 16 to 64 years level 3 or above qualifications,Eden,2020,64.0,per cent,79.2,48.8,
Aged 16 to 64 years level 3 or above qualifications,Exeter,2020,73.2,per cent,84.7,61.7,
Aged 16 to 64 years level 3 or above qualifications,Yorkshire and The Humber,2020,57.3,per cent,58.9,55.7,
Aged 16 to 64 years level 3 or above qualifications,Gedling,2020,55.1,per cent,67.1,43.1,
Aged 16 to 64 years level 3 or above qualifications,Lewes,2020,62.9,per cent,76.6,49.2,
Aged 16 to 64 years level 3 or above qualifications,Maldon,2020,49.3,per cent,69.0,29.6,
Aged 16 to 64 years level 3 or above qualifications,Newcastle-under-Lyme,2020,62.8,per cent,75.8,49.8,
Aged 16 to 64 years level 3 or above qualifications,Telford and Wrekin,2020,52.4,per cent,58.8,46.0,
Aged 16 to 64 years level 3 or above qualifications,East Hampshire,2020,68.9,per cent,80.5,57.3,
Aged 16 to 64 years level 3 or above qualifications,Dacorum,2020,52.8,per cent,65.0,40.6,
Aged 16 to 64 years level 3 or above qualifications,Peterborough,2020,51.1,per cent,57.4,44.8,
Aged 16 to 64 years level 3 or above qualifications,Milton Keynes,2020,61.0,per cent,66.7,55.3,
Aged 16 to 64 years level 3 or above qualifications,Isles of Scilly,2020,,per cent,,,https://purl.org/csv-cubed/resources/attributes/af-obs-marker#x
Aged 16 to 64 years level 3 or above qualifications,Kent,2020,59.3,per cent,63.3,55.3,
Aged 16 to 64 years level 3 or above qualifications,Somerset,2020,57.3,per cent,63.3,51.3,
Aged 16 to 64 years level 3 or above qualifications,Northern Ireland,2020,55.6,per cent,57.8,53.4,
Aged 16 to 64 years level 3 or above qualifications,Greater Manchester (Combined Authority),2020,57.7,per cent,59.7,55.7,
Aged 16 to 64 years level 3 or above qualifications,Cumbria,2020,58.8,per cent,64.4,53.2,
Aged 16 to 64 years level 3 or above qualifications,Lancashire,2020,57.5,per cent,61.8,53.2,
Aged 16 to 64 years level 3 or above qualifications,Staffordshire,2020,59.7,per cent,64.8,54.6,
Aged 16 to 64 years level 3 or above qualifications,South Yorkshire (Combined Authority),2020,58.2,per cent,61.4,55.0,
Aged 16 to 64 years level 3 or above qualifications,Walsall,2020,49.8,per cent,56.1,43.5,
Aged 16 to 64 years level 3 or above qualifications,St Albans,2020,78.5,per cent,87.3,69.7,
Aged 16 to 64 years level 3 or above qualifications,Charnwood,2020,61.3,per cent,72.8,49.8,
Aged 16 to 64 years level 3 or above qualifications,South Kesteven,2020,56.9,per cent,69.2,44.6,
Aged 16 to 64 years level 3 or above qualifications,South Lakeland,2020,70.8,per cent,81.9,59.7,
Aged 16 to 64 years level 3 or above qualifications,Mid Devon,2020,53.8,per cent,69.0,38.6,
Aged 16 to 64 years level 3 or above qualifications,Craven,2020,59.8,per cent,78.5,41.1,
Aged 16 to 64 years level 3 or above qualifications,East Midlands,2020,58.3,per cent,60.2,56.4,
Aged 16 to 64 years level 3 or above qualifications,Mansfield,2020,49.0,per cent,63.4,34.6,
Aged 16 to 64 years level 3 or above qualifications,Rother,2020,47.3,per cent,62.2,32.4,
Aged 16 to 64 years level 3 or above qualifications,Rochford,2020,59.9,per cent,75.6,44.2,
Aged 16 to 64 years level 3 or above qualifications,South Staffordshire,2020,64.3,per cent,78.4,50.2,
Aged 16 to 64 years level 3 or above qualifications,"Kingston upon Hull, City of",2020,44.4,per cent,51.2,37.6,
Aged 16 to 64 years level 3 or above qualifications,Stoke-on-Trent,2020,50.7,per cent,56.9,44.5,
Aged 16 to 64 years level 3 or above qualifications,Eastleigh,2020,67.0,per cent,79.1,54.9,
Aged 16 to 64 years level 3 or above qualifications,Luton,2020,49.6,per cent,55.8,43.4,
Aged 16 to 64 years level 3 or above qualifications,Brighton and Hove,2020,74.0,per cent,79.8,68.2,
Aged 16 to 64 years level 3 or above qualifications,Wiltshire,2020,60.2,per cent,65.9,54.5,
Aged 16 to 64 years level 3 or above qualifications,West Midlands (Metropolitan County),2020,53.9,per cent,56.2,51.6,
Aged 16 to 64 years level 3 or above qualifications,West Yorkshire (Combined Authority),2020,57.8,per cent,60.4,55.2,
Aged 16 to 64 years level 3 or above qualifications,Wolverhampton,2020,47.9,per cent,54.2,41.6,
Aged 16 to 64 years level 3 or above qualifications,Hyndburn,2020,48.9,per cent,67.8,30.0,
Aged 16 to 64 years level 3 or above qualifications,Welwyn Hatfield,2020,60.8,per cent,73.3,48.3,
Aged 16 to 64 years level 3 or above qualifications,Fenland,2020,55.7,per cent,73.3,38.1,
Aged 16 to 64 years level 3 or above qualifications,Harborough,2020,64.9,per cent,78.0,51.8,
Aged 16 to 64 years level 3 or above qualifications,West Lindsey,2020,55.6,per cent,69.2,42.0,
Aged 16 to 64 years level 3 or above qualifications,Amber Valley,2020,69.5,per cent,82.0,57.0,
Aged 16 to 64 years level 3 or above qualifications,North Devon,2020,68.3,per cent,83.0,53.6,
Aged 16 to 64 years level 3 or above qualifications,Hambleton,2020,62.2,per cent,75.1,49.3,
Aged 16 to 64 years level 3 or above qualifications,West Midlands (Region),2020,56.8,per cent,58.4,55.2,
Aged 16 to 64 years level 3 or above qualifications,Newark and Sherwood,2020,50.9,per cent,64.4,37.4,
Aged 16 to 64 years level 3 or above qualifications,Wealden,2020,69.7,per cent,79.4,60.0,
Aged 16 to 64 years level 3 or above qualifications,Tendring,2020,48.2,per cent,60.9,35.5,
Aged 16 to 64 years level 3 or above qualifications,Stafford,2020,66.0,per cent,78.1,53.9,
Aged 16 to 64 years level 3 or above qualifications,East Riding of Yorkshire,2020,61.1,per cent,67.1,55.1,
Aged 16 to 64 years level 3 or above qualifications,Bath and North East Somerset,2020,73.5,per cent,78.9,68.1,
Aged 16 to 64 years level 3 or above qualifications,Fareham,2020,68.6,per cent,80.3,56.9,
Aged 16 to 64 years level 3 or above qualifications,Hertsmere,2020,54.8,per cent,69.8,39.8,
Aged 16 to 64 years level 3 or above qualifications,Southend-on-Sea,2020,52.7,per cent,58.5,46.9,
Aged 16 to 64 years level 3 or above qualifications,Portsmouth,2020,63.0,per cent,69.2,56.8,
Aged 16 to 64 years level 3 or above qualifications,Bedford,2020,66.1,per cent,75.2,57.0,
Aged 16 to 64 years level 3 or above qualifications,West Yorkshire (Metropolitan County),2020,57.8,per cent,60.4,55.2,
Aged 16 to 64 years level 3 or above qualifications,Derbyshire,2020,59.4,per cent,64.5,54.3,
Aged 16 to 64 years level 3 or above qualifications,Leicestershire,2020,64.0,per cent,69.2,58.8,
Aged 16 to 64 years level 3 or above qualifications,Suffolk,2020,55.3,per cent,60.4,50.2,
Aged 16 to 64 years level 3 or above qualifications,Tower Hamlets,2020,69.5,per cent,79.0,60.0,
Aged 16 to 64 years level 3 or above qualifications,Central Bedfordshire,2020,59.9,per cent,67.0,52.8,
Aged 16 to 64 years level 3 or above qualifications,Tyne and Wear,2020,56.1,per cent,58.9,53.3,
Aged 16 to 64 years level 3 or above qualifications,Devon,2020,64.5,per cent,69.6,59.4,
Aged 16 to 64 years level 3 or above qualifications,Lincolnshire,2020,53.3,per cent,58.5,48.1,
Aged 16 to 64 years level 3 or above qualifications,Kensington and Chelsea,2020,79.3,per cent,87.1,71.5,
Aged 16 to 64 years level 3 or above qualifications,Waltham Forest,2020,69.9,per cent,78.0,61.8,
Aged 16 to 64 years level 3 or above qualifications,Wigan,2020,51.1,per cent,57.8,44.4,
Aged 16 to 64 years level 3 or above qualifications,Liverpool City Region,2020,56.6,per cent,59.1,54.1,
Aged 16 to 64 years level 3 or above qualifications,Newcastle upon Tyne,2020,61.8,per cent,68.1,55.5,
Aged 16 to 64 years level 3 or above qualifications,Bradford,2020,51.6,per cent,57.7,45.5,
Aged 16 to 64 years level 3 or above qualifications,Rugby,2020,64.2,per cent,75.9,52.5,
Aged 16 to 64 years level 3 or above qualifications,Maidstone,2020,62.9,per cent,77.6,48.2,
Aged 16 to 64 years level 3 or above qualifications,Lancaster,2020,63.1,per cent,74.6,51.6,
Aged 16 to 64 years level 3 or above qualifications,East Hertfordshire,2020,61.7,per cent,72.7,50.7,
Aged 16 to 64 years level 3 or above qualifications,Huntingdonshire,2020,60.7,per cent,71.5,49.9,
Aged 16 to 64 years level 3 or above qualifications,Hinckley and Bosworth,2020,64.0,per cent,75.9,52.1,
Aged 16 to 64 years level 3 or above qualifications,Breckland,2020,57.0,per cent,69.6,44.4,
Aged 16 to 64 years level 3 or above qualifications,Bolsover,2020,36.9,per cent,55.7,18.1,
Aged 16 to 64 years level 3 or above qualifications,South Hams,2020,70.3,per cent,85.5,55.1,
Aged 16 to 64 years level 3 or above qualifications,Harrogate,2020,63.9,per cent,74.6,53.2,
Aged 16 to 64 years level 3 or above qualifications,East of England,2020,58.0,per cent,59.6,56.4,
Aged 16 to 64 years level 3 or above qualifications,Rushcliffe,2020,77.1,per cent,87.4,66.8,
Aged 16 to 64 years level 3 or above qualifications,Hartlepool,2020,56.0,per cent,61.9,50.1,
Aged 16 to 64 years level 3 or above qualifications,Basildon,2020,42.4,per cent,53.5,31.3,
Aged 16 to 64 years level 3 or above qualifications,Mendip,2020,69.3,per cent,82.3,56.3,
Aged 16 to 64 years level 3 or above qualifications,Uttlesford,2020,58.1,per cent,75.0,41.2,
Aged 16 to 64 years level 3 or above qualifications,Staffordshire Moorlands,2020,63.7,per cent,79.1,48.3,
Aged 16 to 64 years level 3 or above qualifications,North East Lincolnshire,2020,43.6,per cent,50.0,37.2,
Aged 16 to 64 years level 3 or above qualifications,"Bristol, City of",2020,69.5,per cent,74.7,64.3,
Aged 16 to 64 years level 3 or above qualifications,Gosport,2020,55.3,per cent,70.3,40.3,
Aged 16 to 64 years level 3 or above qualifications,North Hertfordshire,2020,65.6,per cent,76.7,54.5,
Aged 16 to 64 years level 3 or above qualifications,Thurrock,2020,49.6,per cent,56.1,43.1,
Aged 16 to 64 years level 3 or above qualifications,Southampton,2020,65.9,per cent,71.9,59.9,
Aged 16 to 64 years level 3 or above qualifications,Knowsley,2020,46.7,per cent,53.5,39.9,
Aged 16 to 64 years level 3 or above qualifications,North Tyneside,2020,60.6,per cent,67.1,54.1,
Aged 16 to 64 years level 3 or above qualifications,Calderdale,2020,56.5,per cent,62.9,50.1,
Aged 16 to 64 years level 3 or above qualifications,Mole Valley,2020,66.1,per cent,79.8,52.4,
Aged 16 to 64 years level 3 or above qualifications,Stratford-on-Avon,2020,69.4,per cent,80.0,58.8,
Aged 16 to 64 years level 3 or above qualifications,Sevenoaks,2020,61.8,per cent,75.8,47.8,
Aged 16 to 64 years level 3 or above qualifications,Pendle,2020,54.7,per cent,72.7,36.7,
Aged 16 to 64 years level 3 or above qualifications,Stevenage,2020,64.5,per cent,79.3,49.7,
Aged 16 to 64 years level 3 or above qualifications,Melton,2020,66.9,per cent,83.7,50.1,
Aged 16 to 64 years level 3 or above qualifications,South Cambridgeshire,2020,74.5,per cent,83.6,65.4,
Aged 16 to 64 years level 3 or above qualifications,Broadland,2020,55.7,per cent,68.2,43.2,
Aged 16 to 64 years level 3 or above qualifications,Chesterfield,2020,56.0,per cent,69.8,42.2,
Aged 16 to 64 years level 3 or above qualifications,Teignbridge,2020,62.7,per cent,75.2,50.2,
Aged 16 to 64 years level 3 or above qualifications,Richmondshire,2020,59.8,per cent,79.4,40.2,
Aged 16 to 64 years level 3 or above qualifications,Cherwell,2020,66.6,per cent,77.4,55.8,
Aged 16 to 64 years level 3 or above qualifications,London,2020,71.2,per cent,72.6,69.8,
Aged 16 to 64 years level 3 or above qualifications,Middlesbrough,2020,49.0,per cent,55.2,42.8,
Aged 16 to 64 years level 3 or above qualifications,Braintree,2020,60.7,per cent,73.0,48.4,
Aged 16 to 64 years level 3 or above qualifications,Sedgemoor,2020,49.0,per cent,61.2,36.8,
Aged 16 to 64 years level 3 or above qualifications,Cheltenham,2020,70.1,per cent,81.0,59.2,
Aged 16 to 64 years level 3 or above qualifications,Tamworth,2020,49.6,per cent,66.7,32.5,
Aged 16 to 64 years level 3 or above qualifications,North Lincolnshire,2020,53.1,per cent,59.8,46.4,
Aged 16 to 64 years level 3 or above qualifications,North Somerset,2020,59.6,per cent,65.5,53.7,
Aged 16 to 64 years level 3 or above qualifications,Hart,2020,74.3,per cent,86.2,62.4,
Aged 16 to 64 years level 3 or above qualifications,Medway,2020,61.1,per cent,67.7,54.5,
Aged 16 to 64 years level 3 or above qualifications,Isle of Wight,2020,55.1,per cent,61.3,48.9,
Aged 16 to 64 years level 3 or above qualifications,Northumberland,2020,53.7,per cent,59.7,47.7,
Aged 16 to 64 years level 3 or above qualifications,Enfield,2020,59.8,per cent,68.9,50.7,
Aged 16 to 64 years level 3 or above qualifications,Kingston upon Thames,2020,74.1,per cent,81.2,67.0,
Aged 16 to 64 years level 3 or above qualifications,Wandsworth,2020,82.4,per cent,88.8,76.0,
Aged 16 to 64 years level 3 or above qualifications,Bracknell Forest,2020,64.8,per cent,70.6,59.0,
Aged 16 to 64 years level 3 or above qualifications,County Durham,2020,52.9,per cent,58.2,47.6,
Aged 16 to 64 years level 3 or above qualifications,"Bournemouth, Christchurch and Poole",2020,59.7,per cent,64.4,55.0,
Aged 16 to 64 years level 3 or above qualifications,United Kingdom,2020,61.2,per cent,61.6,60.8,
Aged 16 to 64 years level 3 or above qualifications,Greenwich,2020,71.0,per cent,78.9,63.1,
Aged 16 to 64 years level 3 or above qualifications,Lambeth,2020,80.9,per cent,87.5,74.3,
Aged 16 to 64 years level 3 or above qualifications,Westminster,2020,78.9,per cent,87.7,70.1,
Aged 16 to 64 years level 3 or above qualifications,Bolton,2020,53.0,per cent,59.8,46.2,
Aged 16 to 64 years level 3 or above qualifications,Liverpool,2020,57.0,per cent,62.7,51.3,
Aged 16 to 64 years level 3 or above qualifications,Babergh,2020,57.8,per cent,72.4,43.2,
Aged 16 to 64 years level 3 or above qualifications,Tees Valley,2020,55.7,per cent,58.4,53.0,
Aged 16 to 64 years level 3 or above qualifications,South Tyneside,2020,52.4,per cent,58.6,46.2,
Aged 16 to 64 years level 3 or above qualifications,Kirklees,2020,54.4,per cent,60.2,48.6,
Aged 16 to 64 years level 3 or above qualifications,Reigate and Banstead,2020,59.6,per cent,73.1,46.1,
Aged 16 to 64 years level 3 or above qualifications,Warwick,2020,77.0,per cent,86.0,68.0,
Aged 16 to 64 years level 3 or above qualifications,Folkestone and Hythe,2020,61.1,per cent,75.6,46.6,
Aged 16 to 64 years level 3 or above qualifications,Preston,2020,57.9,per cent,69.7,46.1,
Aged 16 to 64 years level 3 or above qualifications,East Suffolk,2020,57.2,per cent,66.5,47.9,
Aged 16 to 64 years level 3 or above qualifications,North West Leicestershire,2020,66.1,per cent,78.3,53.9,
Aged 16 to 64 years level 3 or above qualifications,Great Yarmouth,2020,45.7,per cent,63.4,28.0,
Aged 16 to 64 years level 3 or above qualifications,Derbyshire Dales,2020,72.1,per cent,86.1,58.1,
Aged 16 to 64 years level 3 or above qualifications,Torridge,2020,56.8,per cent,78.7,34.9,
Aged 16 to 64 years level 3 or above qualifications,Ryedale,2020,59.8,per cent,77.4,42.2,
Aged 16 to 64 years level 3 or above qualifications,Oxford,2020,72.5,per cent,83.2,61.8,
Aged 16 to 64 years level 3 or above qualifications,South East,2020,63.8,per cent,65.0,62.6,
Aged 16 to 64 years level 3 or above qualifications,Redcar and Cleveland,2020,48.3,per cent,54.7,41.9,
Aged 16 to 64 years level 3 or above qualifications,Brentwood,2020,73.7,per cent,93.8,53.6,
Aged 16 to 64 years level 3 or above qualifications,South Somerset,2020,49.1,per cent,60.3,37.9,
Aged 16 to 64 years level 3 or above qualifications,Cotswold,2020,68.9,per cent,82.4,55.4,
Aged 16 to 64 years level 3 or above qualifications,York,2020,67.1,per cent,73.0,61.2,
Aged 16 to 64 years level 3 or above qualifications,South Gloucestershire,2020,64.6,per cent,70.4,58.8,
Aged 16 to 64 years level 3 or above qualifications,North Lanarkshire,2020,54.2,per cent,61.3,47.1,
Aged 16 to 64 years level 3 or above qualifications,Bury,2020,61.7,per cent,67.6,55.8,
Aged 16 to 64 years level 3 or above qualifications,St. Helens,2020,56.9,per cent,63.5,50.3,
Aged 16 to 64 years level 3 or above qualifications,West Midlands (Combined Authority),2020,53.9,per cent,56.2,51.6,
Aged 16 to 64 years level 3 or above qualifications,Sunderland,2020,51.4,per cent,57.2,45.6,
Aged 16 to 64 years level 3 or above qualifications,Leeds,2020,66.6,per cent,71.3,61.9,
Aged 16 to 64 years level 3 or above qualifications,Runnymede,2020,75.1,per cent,89.6,60.6,
Aged 16 to 64 years level 3 or above qualifications,Three Rivers,2020,77.2,per cent,90.4,64.0,
Aged 16 to 64 years level 3 or above qualifications,Adur,2020,61.7,per cent,78.6,44.8,
Aged 16 to 64 years level 3 or above qualifications,Bromsgrove,2020,68.3,per cent,80.1,56.5,
Aged 16 to 64 years level 3 or above qualifications,Swale,2020,46.5,per cent,58.9,34.1,
Aged 16 to 64 years level 3 or above qualifications,Ribble Valley,2020,77.4,per cent,94.0,60.8,
Aged 16 to 64 years level 3 or above qualifications,West Suffolk,2020,58.5,per cent,69.5,47.5,
Aged 16 to 64 years level 3 or above qualifications,Oadby and Wigston,2020,58.2,per cent,84.8,31.6,
Aged 16 to 64 years level 3 or above qualifications,King's Lynn and West Norfolk,2020,45.8,per cent,57.8,33.8,
Aged 16 to 64 years level 3 or above qualifications,Erewash,2020,58.4,per cent,72.8,44.0,
Aged 16 to 64 years level 3 or above qualifications,West Devon,2020,61.8,per cent,82.7,40.9,
Aged 16 to 64 years level 3 or above qualifications,Scarborough,2020,54.4,per cent,68.6,40.2,
Aged 16 to 64 years level 3 or above qualifications,South Oxfordshire,2020,60.7,per cent,73.0,48.4,
Aged 16 to 64 years level 3 or above qualifications,South West,2020,61.5,per cent,63.0,60.0,
Aged 16 to 64 years level 3 or above qualifications,Stockton-on-Tees,2020,64.1,per cent,70.0,58.2,
Aged 16 to 64 years level 3 or above qualifications,Castle Point,2020,51.3,per cent,68.2,34.4,
Aged 16 to 64 years level 3 or above qualifications,Derby,2020,61.3,per cent,67.4,55.2,
Aged 16 to 64 years level 3 or above qualifications,Great Britain,2020,61.4,per cent,61.8,61.0,
Aged 16 to 64 years level 3 or above qualifications,Plymouth,2020,53.9,per cent,60.0,47.8,
Aged 16 to 64 years level 3 or above qualifications,West Berkshire,2020,67.7,per cent,74.2,61.2,
Aged 16 to 64 years level 3 or above qualifications,Dorset,2020,60.3,per cent,66.7,53.9,
Aged 16 to 64 years level 3 or above qualifications,Scotland,2020,63.8,per cent,65.1,62.5,
Aged 16 to 64 years level 3 or above qualifications,City of London,2020,,per cent,,,https://purl.org/csv-cubed/resources/attributes/af-obs-marker#x
Aged 16 to 64 years level 3 or above qualifications,Hackney,2020,71.8,per cent,80.2,63.4,
Aged 16 to 64 years level 3 or above qualifications,Lewisham,2020,78.8,per cent,85.4,72.2,
Aged 16 to 64 years level 3 or above qualifications,Leicester,2020,53.2,per cent,60.1,46.3,
Aged 16 to 64 years level 3 or above qualifications,Torbay,2020,51.4,per cent,57.6,45.2,
Aged 16 to 64 years level 3 or above qualifications,Reading,2020,69.3,per cent,75.4,63.2,
Aged 16 to 64 years level 3 or above qualifications,Cheshire East,2020,65.7,per cent,72.9,58.5,
Aged 16 to 64 years level 3 or above qualifications,Barking and Dagenham,2020,59.4,per cent,69.6,49.2,
Aged 16 to 64 years level 3 or above qualifications,Hammersmith and Fulham,2020,79.9,per cent,87.7,72.1,
Aged 16 to 64 years level 3 or above qualifications,Merton,2020,71.5,per cent,79.2,63.8,
Aged 16 to 64 years level 3 or above qualifications,West Lothian,2020,58.2,per cent,65.5,50.9,
Aged 16 to 64 years level 3 or above qualifications,Manchester,2020,64.4,per cent,70.6,58.2,
Aged 16 to 64 years level 3 or above qualifications,Sefton,2020,61.4,per cent,67.2,55.6,
Aged 16 to 64 years level 3 or above qualifications,Ipswich,2020,48.6,per cent,60.4,36.8,
Aged 16 to 64 years level 3 or above qualifications,Cambridgeshire and Peterborough,2020,62.6,per cent,66.7,58.5,
Aged 16 to 64 years level 3 or above qualifications,Birmingham,2020,57.8,per cent,62.7,52.9,
Aged 16 to 64 years level 3 or above qualifications,Wakefield,2020,51.1,per cent,57.1,45.1,
Aged 16 to 64 years level 3 or above qualifications,Spelthorne,2020,63.5,per cent,77.3,49.7,
Aged 16 to 64 years level 3 or above qualifications,Watford,2020,66.0,per cent,80.6,51.4,
Aged 16 to 64 years level 3 or above qualifications,Arun,2020,57.9,per cent,71.0,44.8,
Aged 16 to 64 years level 3 or above qualifications,Malvern Hills,2020,68.6,per cent,82.8,54.4,
Aged 16 to 64 years level 3 or above qualifications,Thanet,2020,53.6,per cent,67.2,40.0,
Aged 16 to 64 years level 3 or above qualifications,Rossendale,2020,58.8,per cent,77.9,39.7,
Aged 16 to 64 years level 3 or above qualifications,Somerset West and Taunton,2020,64.1,per cent,75.3,52.9,
Aged 16 to 64 years level 3 or above qualifications,Boston,2020,44.2,per cent,65.5,22.9,
Aged 16 to 64 years level 3 or above qualifications,England and Wales,2020,61.1,per cent,61.6,60.6,
Aged 16 to 64 years level 3 or above qualifications,Allerdale,2020,53.4,per cent,66.6,40.2,
Aged 16 to 64 years level 3 or above qualifications,North Norfolk,2020,53.0,per cent,68.2,37.8,
Aged 16 to 64 years level 3 or above qualifications,High Peak,2020,61.4,per cent,75.2,47.6,
Aged 16 to 64 years level 3 or above qualifications,Selby,2020,49.3,per cent,63.9,34.7,
Aged 16 to 64 years level 3 or above qualifications,Darlington,2020,58.2,per cent,64.0,52.4,
Aged 16 to 64 years level 3 or above qualifications,Newham,2020,69.2,per cent,78.8,59.6,
Aged 16 to 64 years level 3 or above qualifications,Stirling,2020,70.4,per cent,77.1,63.7,
Aged 16 to 64 years level 3 or above qualifications,Angus,2020,63.4,per cent,69.6,57.2,
Aged 16 to 64 years level 3 or above qualifications,Oldham,2020,51.1,per cent,57.7,44.5,
Aged 16 to 64 years level 3 or above qualifications,Wirral,2020,59.0,per cent,65.1,52.9,
Aged 16 to 64 years level 3 or above qualifications,Mid Suffolk,2020,53.2,per cent,66.2,40.2,
Aged 16 to 64 years level 3 or above qualifications,West of England,2020,68.9,per cent,72.1,65.7,
Aged 16 to 64 years level 3 or above qualifications,Coventry,2020,59.1,per cent,65.0,53.2,
Aged 16 to 64 years level 3 or above qualifications,Gateshead,2020,51.3,per cent,57.6,45.0,
Aged 16 to 64 years level 3 or above qualifications,Surrey Heath,2020,61.7,per cent,79.6,43.8,
Aged 16 to 64 years level 3 or above qualifications,Chichester,2020,56.7,per cent,70.9,42.5,
Aged 16 to 64 years level 3 or above qualifications,Tonbridge and Malling,2020,59.7,per cent,75.0,44.4,
Aged 16 to 64 years level 3 or above qualifications,Redditch,2020,47.7,per cent,61.8,33.6,
Aged 16 to 64 years level 3 or above qualifications,South Ribble,2020,56.0,per cent,70.0,42.0,
Aged 16 to 64 years level 3 or above qualifications,East Lindsey,2020,57.0,per cent,70.1,43.9,
Aged 16 to 64 years level 3 or above qualifications,Barrow-in-Furness,2020,53.4,per cent,70.1,36.7,
Aged 16 to 64 years level 3 or above qualifications,Norwich,2020,63.2,per cent,77.1,49.3,
Aged 16 to 64 years level 3 or above qualifications,North East Derbyshire,2020,57.3,per cent,72.0,42.6,
Aged 16 to 64 years level 3 or above qualifications,Halton,2020,50.9,per cent,57.3,44.5,
Aged 16 to 64 years level 3 or above qualifications,Rutland,2020,67.8,per cent,78.5,57.1,
Aged 16 to 64 years level 3 or above qualifications,Slough,2020,56.4,per cent,63.4,49.4,
Aged 16 to 64 years level 3 or above qualifications,Barnet,2020,75.8,per cent,83.1,68.5,
Aged 16 to 64 years level 3 or above qualifications,Haringey,2020,76.4,per cent,84.0,68.8,
Aged 16 to 64 years level 3 or above qualifications,Warrington,2020,58.9,per cent,65.1,52.7,
Aged 16 to 64 years level 3 or above qualifications,Nottingham,2020,60.6,per cent,66.4,54.8,
Aged 16 to 64 years level 3 or above qualifications,Bexley,2020,58.2,per cent,66.2,50.2,
Aged 16 to 64 years level 3 or above qualifications,Harrow,2020,69.1,per cent,78.5,59.7,
Aged 16 to 64 years level 3 or above qualifications,Redbridge,2020,65.2,per cent,73.1,57.3,
Aged 16 to 64 years level 3 or above qualifications,Moray,2020,61.5,per cent,68.7,54.3,
Aged 16 to 64 years level 3 or above qualifications,Dundee City,2020,69.3,per cent,75.5,63.1,
Aged 16 to 64 years level 3 or above qualifications,Rochdale,2020,50.8,per cent,56.9,44.7,
Aged 16 to 64 years level 3 or above qualifications,Barnsley,2020,53.6,per cent,59.9,47.3,
Aged 16 to 64 years level 3 or above qualifications,Dudley,2020,49.4,per cent,56.1,42.7,
Aged 16 to 64 years level 3 or above qualifications,Tandridge,2020,60.0,per cent,79.3,40.7,
Aged 16 to 64 years level 3 or above qualifications,Ashford,2020,60.6,per cent,73.3,47.9,
Aged 16 to 64 years level 3 or above qualifications,Crawley,2020,49.1,per cent,65.2,33.0,
Aged 16 to 64 years level 3 or above qualifications,Tunbridge Wells,2020,73.9,per cent,87.0,60.8,
Aged 16 to 64 years level 3 or above qualifications,Worcester,2020,58.9,per cent,71.7,46.1,
Aged 16 to 64 years level 3 or above qualifications,West Lancashire,2020,50.7,per cent,65.7,35.7,
Aged 16 to 64 years level 3 or above qualifications,Lincoln,2020,58.3,per cent,71.6,45.0,
Aged 16 to 64 years level 3 or above qualifications,Carlisle,2020,52.8,per cent,65.3,40.3,
Aged 16 to 64 years level 3 or above qualifications,South Norfolk,2020,68.2,per cent,79.1,57.3,
Aged 16 to 64 years level 3 or above qualifications,South Derbyshire,2020,61.4,per cent,74.5,48.3,
Aged 16 to 64 years level 3 or above qualifications,Brent,2020,68.0,per cent,77.8,58.2,
Aged 16 to 64 years level 3 or above qualifications,Havering,2020,57.7,per cent,65.4,50.0,
Aged 16 to 64 years level 3 or above qualifications,Richmond upon Thames,2020,81.8,per cent,88.1,75.5,
Aged 16 to 64 years level 3 or above qualifications,East Lothian,2020,66.3,per cent,73.5,59.1,
Aged 16 to 64 years level 3 or above qualifications,North Ayrshire,2020,57.0,per cent,64.8,49.2,
Aged 16 to 64 years level 3 or above qualifications,Salford,2020,60.0,per cent,66.4,53.6,
Aged 16 to 64 years level 3 or above qualifications,Doncaster,2020,51.6,per cent,58.8,44.4,
Aged 16 to 64 years level 3 or above qualifications,Sandwell,2020,41.7,per cent,48.3,35.1,
Aged 16 to 64 years level 3 or above qualifications,Waverley,2020,74.9,per cent,85.9,63.9,
Aged 16 to 64 years level 3 or above qualifications,Canterbury,2020,67.0,per cent,77.9,56.1,
Aged 16 to 64 years level 3 or above qualifications,Horsham,2020,68.8,per cent,80.4,57.2,
Aged 16 to 64 years level 3 or above qualifications,Burnley,2020,49.8,per cent,65.7,33.9,
Aged 16 to 64 years level 3 or above qualifications,Wychavon,2020,57.7,per cent,68.3,47.1,
Aged 16 to 64 years level 3 or above qualifications,Wyre,2020,54.4,per cent,69.2,39.6,
Aged 16 to 64 years level 3 or above qualifications,North Kesteven,2020,53.2,per cent,65.8,40.6,
Aged 16 to 64 years level 3 or above qualifications,Copeland,2020,59.7,per cent,74.7,44.7,
Aged 16 to 64 years level 3 or above qualifications,Blackburn with Darwen,2020,52.0,per cent,58.2,45.8,
Aged 16 to 64 years level 3 or above qualifications,"Herefordshire, County of",2020,63.2,per cent,69.2,57.2,
Aged 16 to 64 years level 3 or above qualifications,Blackpool,2020,45.6,per cent,51.9,39.3,
Aged 16 to 64 years level 3 or above qualifications,Wales,2020,58.6,per cent,60.0,57.2,
Aged 16 to 64 years level 3 or above qualifications,Bromley,2020,69.2,per cent,76.3,62.1,
Aged 16 to 64 years level 3 or above qualifications,Hillingdon,2020,69.3,per cent,78.6,60.0,
Aged 16 to 64 years level 3 or above qualifications,Southwark,2020,78.4,per cent,85.4,71.4,
Aged 16 to 64 years level 3 or above qualifications,East Renfrewshire,2020,75.4,per cent,81.7,69.1,
Aged 16 to 64 years level 3 or above qualifications,Aberdeen City,2020,68.7,per cent,75.7,61.7,
Aged 16 to 64 years level 3 or above qualifications,Stockport,2020,61.0,per cent,67.7,54.3,
Aged 16 to 64 years level 3 or above qualifications,Rotherham,2020,57.5,per cent,64.1,50.9,
Aged 16 to 64 years level 3 or above qualifications,Solihull,2020,61.5,per cent,67.4,55.6,
Aged 16 to 64 years level 3 or above qualifications,Woking,2020,71.6,per cent,85.4,57.8,
Aged 16 to 64 years level 3 or above qualifications,Dartford,2020,49.4,per cent,68.0,30.8,
Aged 16 to 64 years level 3 or above qualifications,Mid Sussex,2020,68.0,per cent,81.1,54.9,
Aged 16 to 64 years level 3 or above qualifications,Chorley,2020,58.1,per cent,71.8,44.4,
Aged 16 to 64 years level 3 or above qualifications,Wyre Forest,2020,54.2,per cent,67.8,40.6,
Aged 16 to 64 years level 3 or above qualifications,Cambridge,2020,75.5,per cent,87.6,63.4,
Aged 16 to 64 years level 3 or above qualifications,Blaby,2020,68.2,per cent,82.3,54.1,
Aged 16 to 64 years level 3 or above qualifications,Camden,2020,72.5,per cent,81.0,64.0,
Aged 16 to 64 years level 3 or above qualifications,Hounslow,2020,64.1,per cent,74.2,54.0,
Aged 16 to 64 years level 3 or above qualifications,Sutton,2020,69.4,per cent,77.6,61.2,
Aged 16 to 64 years level 3 or above qualifications,Orkney Islands,2020,59.2,per cent,78.2,40.2,
Aged 16 to 64 years level 3 or above qualifications,Aberdeenshire,2020,66.0,per cent,72.7,59.3,
Aged 16 to 64 years level 3 or above qualifications,East Dunbartonshire,2020,72.9,per cent,78.3,67.5,
Aged 16 to 64 years level 3 or above qualifications,Tameside,2020,49.1,per cent,55.2,43.0,
Aged 16 to 64 years level 3 or above qualifications,Sheffield,2020,63.4,per cent,69.1,57.7,
Aged 16 to 64 years level 3 or above qualifications,Elmbridge,2020,71.1,per cent,82.8,59.4,
Aged 16 to 64 years level 3 or above qualifications,North Warwickshire,2020,53.5,per cent,68.2,38.8,
Aged 16 to 64 years level 3 or above qualifications,Dover,2020,59.3,per cent,73.0,45.6,
Aged 16 to 64 years level 3 or above qualifications,Worthing,2020,57.3,per cent,71.1,43.5,
Aged 16 to 64 years level 3 or above qualifications,Fylde,2020,65.3,per cent,81.8,48.8,
Aged 16 to 64 years level 3 or above qualifications,East Cambridgeshire,2020,59.3,per cent,72.7,45.9,
Aged 16 to 64 years level 3 or above qualifications,Croydon,2020,62.7,per cent,70.5,54.9,
Aged 16 to 64 years level 3 or above qualifications,Islington,2020,75.1,per cent,83.6,66.6,
Aged 16 to 64 years level 3 or above qualifications,Na h-Eileanan Siar,2020,64.0,per cent,73.2,54.8,
Aged 16 to 64 years level 3 or above qualifications,Argyll and Bute,2020,66.1,per cent,72.6,59.6,
Aged 16 to 64 years level 3 or above qualifications,Trafford,2020,66.5,per cent,72.7,60.3,
Aged 16 to 64 years level 3 or above qualifications,Epsom and Ewell,2020,68.8,per cent,83.6,54.0,
Aged 16 to 64 years level 3 or above qualifications,Nuneaton and Bedworth,2020,57.0,per cent,68.4,45.6,
Aged 16 to 64 years level 3 or above qualifications,Gravesham,2020,54.6,per cent,70.9,38.3,
Aged 16 to 64 years level 3 or above qualifications,Ealing,2020,69.5,per cent,78.2,60.8,
Aged 16 to 64 years level 3 or above qualifications,Falkirk,2020,60.0,per cent,67.4,52.6,
Aged 16 to 64 years level 3 or above qualifications,City of Edinburgh,2020,74.9,per cent,80.3,69.5,
Aged 16 to 64 years level 3 or above qualifications,Fife,2020,65.9,per cent,71.9,59.9,
Aged 16 to 64 years level 3 or above qualifications,Guildford,2020,70.2,per cent,82.2,58.2,
Aged 16 to 64 years level 3 or above qualifications,Scottish Borders,2020,62.4,per cent,69.9,54.9,
Aged 16 to 64 years level 3 or above qualifications,Perth and Kinross,2020,63.8,per cent,70.4,57.2,
Aged 16 to 64 years level 3 or above qualifications,Clackmannanshire,2020,62.4,per cent,72.0,52.8,
Aged 16 to 64 years level 3 or above qualifications,Shetland Islands,2020,53.6,per cent,74.8,32.4,
Aged 16 to 64 years level 3 or above qualifications,Renfrewshire,2020,65.8,per cent,72.9,58.7,
Aged 16 to 64 years level 3 or above qualifications,Glasgow City,2020,63.3,per cent,69.3,57.3,
Aged 16 to 64 years level 3 or above qualifications,Dumfries and Galloway,2020,52.7,per cent,60.2,45.2,
Aged 16 to 64 years level 3 or above qualifications,Highland,2020,57.4,per cent,65.7,49.1,
Aged 16 to 64 years level 3 or above qualifications,South Ayrshire,2020,62.8,per cent,70.1,55.5,
Aged 16 to 64 years level 3 or above qualifications,West Dunbartonshire,2020,56.7,per cent,63.4,50.0,
Aged 16 to 64 years level 3 or above qualifications,Inverclyde,2020,59.5,per cent,66.8,52.2,
Aged 16 to 64 years level 3 or above qualifications,South Lanarkshire,2020,58.1,per cent,64.9,51.3,
Aged 16 to 64 years level 3 or above qualifications,Torfaen,2020,51.8,per cent,58.5,45.1,
Aged 16 to 64 years level 3 or above qualifications,East Ayrshire,2020,56.9,per cent,64.2,49.6,
Aged 16 to 64 years level 3 or above qualifications,Midlothian,2020,66.9,per cent,74.8,59.0,
Aged 16 to 64 years level 3 or above qualifications,Carmarthenshire,2020,56.9,per cent,62.7,51.1,
Aged 16 to 64 years level 3 or above qualifications,Monmouthshire,2020,68.1,per cent,73.9,62.3,
Aged 16 to 64 years level 3 or above qualifications,Swansea,2020,61.5,per cent,67.4,55.6,
Aged 16 to 64 years level 3 or above qualifications,Newport,2020,54.5,per cent,60.7,48.3,
Aged 16 to 64 years level 3 or above qualifications,Isle of Anglesey,2020,62.2,per cent,68.3,56.1,
Aged 16 to 64 years level 3 or above qualifications,Neath Port Talbot,2020,50.7,per cent,57.9,43.5,
Aged 16 to 64 years level 3 or above qualifications,Powys,2020,62.8,per cent,69.7,55.9,
Aged 16 to 64 years level 3 or above qualifications,Gwynedd,2020,60.7,per cent,67.1,54.3,
Aged 16 to 64 years level 3 or above qualifications,Bridgend,2020,59.4,per cent,65.9,52.9,
Aged 16 to 64 years level 3 or above qualifications,Merthyr Tydfil,2020,45.7,per cent,53.8,37.6,
Aged 16 to 64 years level 3 or above qualifications,England,2020,61.3,per cent,61.8,60.8,
Aged 16 to 64 years level 3 or above qualifications,Vale of Glamorgan,2020,68.8,per cent,75.3,62.3,
Aged 16 to 64 years level 3 or above qualifications,Conwy,2020,55.5,per cent,62.3,48.7,
Aged 16 to 64 years level 3 or above qualifications,Surrey,2020,67.7,per cent,71.9,63.5,
Aged 16 to 64 years level 3 or above qualifications,Denbighshire,2020,55.5,per cent,62.2,48.8,
Aged 16 to 64 years level 3 or above qualifications,Cardiff,2020,67.6,per cent,73.2,62.0,
Aged 16 to 64 years level 3 or above qualifications,Flintshire,2020,52.3,per cent,58.7,45.9,
Aged 16 to 64 years level 3 or above qualifications,Rhondda Cynon Taf,2020,56.9,per cent,63.5,50.3,
Aged 16 to 64 years level 3 or above qualifications,Norfolk,2020,56.2,per cent,61.2,51.2,
Aged 16 to 64 years level 3 or above qualifications,Warwickshire,2020,65.8,per cent,70.8,60.8,
Aged 16 to 64 years level 3 or above qualifications,Havant,2020,56.5,per cent,71.6,41.4,
Aged 16 to 64 years level 3 or above qualifications,West Sussex,2020,60.2,per cent,65.5,54.9,
Aged 16 to 64 years level 3 or above qualifications,Wrexham,2020,54.8,per cent,61.1,48.5,
Aged 16 to 64 years level 3 or above qualifications,Caerphilly,2020,49.7,per cent,55.8,43.6,
Aged 16 to 64 years level 3 or above qualifications,Forest of Dean,2020,54.6,per cent,68.5,40.7,
Aged 16 to 64 years level 3 or above qualifications,New Forest,2020,61.6,per cent,71.6,51.6,
Aged 16 to 64 years level 3 or above qualifications,East Sussex,2020,56.8,per cent,62.9,50.7,